"320290330430320290300180280290Serv280290","50105060151525251020ng Size1025","51571.51.5331212.5","3035101.500000","000000000000","1505000500000","5403903703804105607504604104101960410","556160826558563257585758","222232232222","4101232124414444","1410109101013710101011"
"150140210Calo150160Calo130(kcal150150Fat (250670Satu130130Tran(g)170","1.52704t0304.54.500.54","0000000000000","2803703103202602403203704401160330290310","1121111114129","658665659275612",,,,,
"",,,,,,,,,,
"340440450200455503050Serv64059082060090380Calo390360Calo(kcal260Fat (","1301902301540270550ng Size19032046036060140ies (kcal)180ies 1fr3o0m F35)","14212624.530052235514071620t154","591301100112152019371121","000000.500000.5000000","20300345053150530032034536026528533000","73090084036055910100308701010141096090610560170170","364033380431084405733140325250","62220400222202276","32610200331560161716","192424702760272733288202187"
"20Satu4590Tran(g)10","0481","0000","90100200320","0000","0000",,,,,
"",,,© 2024 Panera Bread.  All Rights Reserved.
"",Panera Bread® Nutrition Information - US,,
"",Effective: 1/10/2024Version 1,,
Dressing - Caesar - Half,1 1/2 Tbsp 90 80 9 1.5 0 15,140,1 0 1 0
Dressing - Caesar - Whole,3 Tbsp 180 160 18 3 0 30,290,2 0 2 1
Chipotle Sauce,1 portion 100 90 10 1.5 0 10,105,2 0 1 0
Country Mustard,1 portion 60 35 4 0.5 0 5,200,5 1 1 1
Garlic Aioli - Sandwich Portion,1 portion 110 110 12 2 0 15,65,0 0 0 0
Dressing - Greek Dressing - Half,1 1/2 Tbsp 110 110 12 1.5 0 0,150,0 0 0 0
Dressing - Greek Dressing - Whole,3 Tbsp 230 220 25 3.5 0 0,290,1 0 0 0
Dressing - Green Goddess - Half,1 1/2 tbsp 40 30 3.5 0 0 0,80,2 0 1 1
Dressing - Green Goddess - Whole,3 tbsp 80 60 7 1 0 5,160,4 0 3 2
Horseradish Sauce,1 portion 100 100 11 2 0 10,85,1 0 0 0
Hummus,1 portion 60 40 4.5 0.5 0 0,150,4 1 1 2
Lemon Tahini Dressing,Serving Size1 portion 70 60 7 1 0 0,210,2 1 0 1
Mayonnaise,1 portion 130 130 14 2 0 10,115,0 0 0 0
Salsa Verde,1 portion 90 90 10 1 0 0,170,1 0 0 0
Signature Sauce,1 portion 90 70 8 1 0 10,90,4 0 2 0
Teriyaki Sauce,1 portion 120 10 1 0 0 0,680,26 0 22 2
Dressing - White Balsamic Vinaigrette flavored with,,,
"",1 1/2 Tbsp 80Calories (6k0cal) 6 1 0 0,85,5 0 5 0
Apple - Half,,,
Dressing - White Balsamic Vinaigrette flavored with,,,
"",3 Tbsp 160Calories 1fr2o0m Fat 13 2 0 0,170,11 0 10 0
Apple - Whole,(kcal),,
DRINKS,,,
Additional Shot of Bittersweet Chocolate Sauce,1 shot 50Fat (g) 0 0 0 0 0,25,13 1 8 1
Additional Shot of Caramel Syrup,1 Shot 60 10 1.5 1 0 5,50,13 0 8 0
"",Saturated Fat (g),,
Additional Shot of Cinnamon Bark Flavored Syrup,1 shot 25 0 0 0 0 0,0,6 0 6 0
Additional Shot of Espresso,1 fl oz (30 mL) 5Trans Fatt0y Acid 0 0 0 0,0,1 0 0 0
"",(g),,
Additional Shot of Espresso Decaf,1 Shot 5 0 0 0 0 0,0,1 0 0 0
"",,,Page 3
"",Cholesterol (mg),,
"",Sodium (mg),,
"",Carbohydrates (g),,
"",Total Dietary Fiber,,
"",(g),,
"",Total Sugars (g),,
"",Protein (g),,
"",,© 2024 Panera Bread.  All Rights Reserved.
Panera Bread® Nutrition Information - US,,
Effective: 1/10/2024Version 1,,
Additional Shot of Madagascar Vanilla Syrup 1 Shot 20 0 0 0 0 0,0,5 0 5 0
Agave Lemonade - 20 fl oz 20 fl oz (591 mL) 210 0 0 0 0 0,15,52 0 48 0
Agave Lemonade - 30 fl oz 30 fl oz (887 mL) 320 5 0 0 0 0,20,78 0 72 0
Agave Lemonade - Serves 10 - Group 2 containers 1350 15 1.5 0 0 0,80,331 0 307 2
Agave Lemonade - Serves 5 - Group 1 container 670 5 1 0 0 0,40,165 0 153 1
AHA Blueberry Pomegranate Sparkling Water- 12 fl oz,,
12 fl oz can 0 0 0 0 0 0,0,0 0 0 0
can,,
AHA Lime Watermelon Sparkling Water- 12 fl oz can 12 fl oz can 0 0 0 0 0 0,0,0 0 0 0
Americano - 16 fl oz 16 fl oz (473 mL) 10 0 0 0 0 0,5,2 0 0 1
Unsweetened Iced Tea - Serves 10 - Group 2 Containers 80 0 0 0 0 0,80,0 0 0 15
Unsweetened Iced Tea - Serves 5 - Group Serving Size1 Container 40 0 0 0 0 0,40,0 0 0 8
Blackberry Sage Tea - 16 fl oz 16 fl oz (473 mL) 0 0 0 0 0 0,0,0 0 0 0
Blood Orange Naturally Flavored Charged Splash - 20 fl,,
20 fl oz (591 mL) 15 0 0 0 0 0,40,20 0 0 0
oz,,
Blood Orange Naturally Flavored Charged Splash -,,
1 container 170 0 0 0 0 0,380,209 0 0 0
Serves 10 - Group,,
Calories (kcal),,
Blood Orange Naturally Flavored Charged Splash -,,
1 container 80 0 0 0 0 0,170,96 0 0 0
Serves 5 - Group,,
Calories from Fat,,
Blood Orange Naturally Flavored Charged Splash- 30 fl (kcal),,
30 fl oz (887 mL) 25 0 0 0 0 0,60,29 0 0 0
oz,,
Bottled Passionfruit Papaya Naturally Flavored Iced Fat (g),,
1 Bottle (500 mL) 130 0 0 0 0 0,0,31 0 28 0
Green Tea,,
Bottled Water 16.9 fl oz (500mL) 0 Saturated Fat (g)0 0 0 0 0,10,0 0 0 0
British Breakfast Tea - 16 fl oz 16 fl oz (473 mL) 0 0 0 0 0 0,0,0 0 0 0
Bubly Sparkling Water 12 fl oz Can- Lemon 12 fl oz (355 mL) 0 0Trans Fatty Acid 0 0 0 0 0,0,0 0 0
Bubly Sparkling Water 12 fl oz - Lime 12 fl oz (355 mL) 0 (g)0 0 0 0 0,0,0 0 0 0
"",,Page 4
Cholesterol (mg),,
Sodium (mg),,
Carbohydrates (g),,
Total Dietary Fiber,,
(g),,
Total Sugars (g),,
Protein (g),,
"",,© 2024 Panera Bread.  All Rights Reserved.
Panera Bread® Nutrition Information - US,,
Effective: 1/10/2024Version 1,,
Cafe Blend Dark Roast Coffee  - 16 fl oz 16 fl oz (473 mL) 15 0 0 0 0 0,10,3 0 0 1
Cafe Blend Dark Roast Coffee  - 20 fl oz 20 fl oz (591 mL) 15 0 0 0 0 0,15,3 0 0 1
Cafe blend Dark Roast Coffee - Group 1 Container 100 0 0 0 0 0,90,20 0 0 7
Cafe Blend Dark Roast Coffee - 12 fl oz 12 fl oz (355 mL) 10 0 0 0 0 0,10,2 0 0 1
Cafe Blend Light Roast Coffee - Group 1 Container 140 0 0 0 0 0,90,25 0 0 7
Cafe Blend Light Roast Coffee - 16 fl oz 16 fl oz (473 mL) 20 0 0 0 0 0,10,3 0 0 1
Cafe Blend Light Roast Coffee - 20 fl oz 20 fl oz (591 mL) 25 0 0 0 0 0,15,4 0 0 1
Cafe Blend Light Roast Coffee- 12 fl oz 12 fl oz (355 mL) 15 0 0 0 0 0,10,2 0 0 1
Caffe Latte - 16 fl oz 16 fl oz (473mL) 130 45 5 3 0 20,100,13 0 11 9
Caffe Latte - 20 fl oz 20 fl oz (591mL) 160 60 6 4 0 25,125,16 0 14 11
Caffeine Free Diet Pepsi - 20 fl oz 20 fl oz (591 mL) 0 0 0 0 0 0,95,0 0 0 0
Caffeine Free Diet Pepsi - 30 fl oz Serving Size30 fl oz (887 mL) 0 0 0 0 0 0,140,0 0 0 0
Canada Dry Ginger Ale - 20 fl oz 20 fl oz (591 mL) 230 0 0 0 0 0,85,60 0 59 0
Canada Dry Ginger Ale - 30 fl oz 30 fl oz (887 mL) 340 0 0 0 0 0,125,90 0 89 0
Cappuccino - 16 fl oz 16 fl oz (473mL) 130 45 5 3 0 20,100,13 0 11 9
Cappuccino - 20 fl oz 20 fl oz (591mL) 160 60 6 4 0 25,125,16 0 14 11
Caramel Latte - 16 fl oz 16 fl oz (473 mL) 410 120 13 8 0 45,290,60 0 42 11
Calories (kcal),,
Caramel Latte - 20 fl oz 20 fl oz (591mL) 500 140 16 10 0 50,360,76 0 53 13
Chai Tea Latte - 20 fl oz 20 fl oz (591 mL) 370 70 7 4.5 0 30,150,63 0 62 12
Calories from Fat,,
Chai Tea Latte - 16 fl oz 16 fl oz (473 mL) 290(kcal) 60 6 4 0 25,130,49 0 48 10
Chocolate Latte - 16 fl oz 16 fl oz (473 mL) 370 90 10 6 0 35,190,60 2 43 12
Chocolate Latte - 20 fl oz 20 fl oz (591mL) 420Fat (g) 100 11 7 0 40,230,67 3 49 14
Cinnamon Crunch Latte - 16 fl oz 16 fl oz (473 mL) 270 80 9 6 0 35,115,37 0 35 10
Cinnamon Crunch Latte - 20 fl oz 20 fl oz (591mL) 330 Saturated Fat (g)90 10 7 0 40,140,46 0 44 12
Cinnamon Plum Tea - 16 fl oz 16 fl oz (473 mL) 0 0 0 0 0 0,0,0 0 0 0
Coke - 20 fl oz 20 fl oz (591 mL) 240 0Trans Fatty Acid 0 0 0 0 0,65,67 0 67
Coke - 30 fl oz 30 fl oz (887 mL) 370 (g)0 0 0 0 0,95,100 0 100 0
"",,Page 5
Cholesterol (mg),,
Sodium (mg),,
Carbohydrates (g),,
Total Dietary Fiber,,
(g),,
Total Sugars (g),,
Protein (g),,
"",,,© 2024 Panera Bread.  All Rights Reserved.
"",Panera Bread® Nutrition Information - US,,
"",Effective: 1/10/2024Version 1,,
Coke 20 fl oz Bottle,20 fl oz bottle (591 mL) 240 0 0 0 0 0,75,65 0 65 0
Coke Zero - 20 fl oz,20 fl oz (591 mL) 0 0 0 0 0 0,65,0 0 0 0
Coke Zero - 20 fl oz bottle,20 fl oz bottle (591 mL) 0 0 0 0 0 0,70,0 0 0 0
Coke Zero - 30 fl oz,30 fl oz (887 mL) 0 0 0 0 0 0,100,0 0 0 0
Cold Brew Coffee - 16 fl oz,16 fl oz (473 mL) 10 0 0 0 0 0,15,2 0 0 1
Cold Brew Coffee - 20 fl oz,20 fl oz (591 mL) 15 0 0 0 0 0,15,3 0 0 1
Dasani Lemon - 12 fl oz can,12 fl oz can (355 mL) 0 0 0 0 0 0,35,0 0 0 0
Dasani Lime - 12 fl oz can,12 oz can (355 mL) 0 0 0 0 0 0,35,0 0 0 0
Decaf Coffee - 12 fl oz,12 fl oz (355 mL) 15 0 0 0 0 0,0,3 0 0 0
Decaf Coffee - Group,1 Container 140 0 0 0 0 0,40,32 0 0 4
Decaf Coffee - 16 fl oz,16 fl oz (473 mL) 20 0 0 0 0 0,5,4 0 0 0
Decaf Coffee - 20 fl oz,Serving Size20 fl oz (591 mL) 25 0 0 0 0 0,5,5 0 0 1
Diet Coke - 20 fl oz,20 fl oz (591 mL) 0 0 0 0 0 0,80,0 0 0 0
Diet Coke - 30 fl oz,30 fl oz (887 mL) 0 0 0 0 0 0,120,0 0 0 0
20 oz Diet Coke Bottle,20 fl oz bottle (591 mL) 0 0 0 0 0 0,70,0 0 0 0
Diet Dr. Pepper - 20 fl oz,20 fl oz (591 mL) 0 0 0 0 0 0,120,0 0 0 0
Diet Dr. Pepper - 30 fl oz,30 fl oz (887 mL) 0 0 0 0 0 0,180,0 0 0 0
"",Calories (kcal),,
Diet Mountain Dew - 20 fl oz,20 fl oz (591 mL) 10 0 0 0 0 0,90,1 0 1 0
Diet Mountain Dew - 30 fl oz,30 fl oz (887 mL) 10 0 0 0 0 0,140,1 0 1 0
"",Calories from Fat,,
Diet Mountain Dew - 12 fl oz can,12 fl oz Can (355 mL) 0(kcal) 0 0 0 0 0,50,0 0 0 0
Diet Pepsi - 12 fl oz can,12 fl oz can (355 mL) 0 0 0 0 0 0,40,0 0 0 0
Diet Pepsi - 20 fl oz,20 fl oz (591 mL) 0Fat (g) 0 0 0 0 0,95,0 0 0 0
Diet Pepsi - 20 fl oz bottle,20 fl oz bottle (591 mL) 0 0 0 0 0 0,60,0 0 0 0
Diet Pepsi - 30 fl oz,30 fl oz (887 mL) 0 Saturated Fat (g)0 0 0 0 0,140,0 0 0 0
Dr Pepper - 20 fl oz bottle,20 fl oz bottle (591 mL) 250 0 0 0 0 0,100,66 0 64 0
Dr. Pepper - 20 fl oz,20 fl oz (591 mL) 240 0Trans Fatty Acid 0 0 0 0 0,75,65 0 64
Dr. Pepper - 30 fl oz,(g)30 fl oz (887 mL) 360 0 0 0 0 0,110,98 0 96 0
"",,,Page 6
"",Cholesterol (mg),,
"",Sodium (mg),,
"",Carbohydrates (g),,
"",Total Dietary Fiber,,
"",(g),,
"",Total Sugars (g),,
"",Protein (g),,
"",,© 2024 Panera Bread.  All Rights Reserved.
Panera Bread® Nutrition Information - US,,
Effective: 1/10/2024Version 1,,
Drive Thru - Agave Lemonade - 20 fl oz 20 fl oz (591 mL) 130 0 0 0 0 0,10,32 0 29 0
Drive Thru - Agave Lemonade - 30 fl oz 30 fl oz (887 mL) 190 0 0 0 0 0,15,48 0 44 0
Drive Thru - Caffeine Free Diet Pepsi - 20 fl oz 20 fl oz (591 mL) 0 0 0 0 0 0,60,0 0 0 0
Drive Thru - Caffeine Free Diet Pepsi - 30 fl oz 30 fl oz (887 mL) 0 0 0 0 0 0,90,0 0 0 0
Drive Thru - Canada Dry Ginger Ale - 20 fl oz 20 fl oz (591 mL) 140 0 0 0 0 0,50,38 0 37 0
Drive Thru - Canada Dry Ginger Ale - 30 fl oz 30 fl oz (887 mL) 210 0 0 0 0 0,80,57 0 56 0
Drive Thru - Coke - 20 fl oz 20 fl oz (591 mL) 150 0 0 0 0 0,40,42 0 42 0
Drive Thru - Coke - 30 fl oz 30 fl oz (887 mL) 230 0 0 0 0 0,60,63 0 63 0
Drive Thru - Coke Zero - 20 fl oz 20 fl oz (591 mL) 0 0 0 0 0 0,40,0 0 0 0
Drive Thru - Coke Zero - 30 fl oz 30 fl oz (887 mL) 0 0 0 0 0 0,65,0 0 0 0
Drive Thru - Diet Coke - 20 fl oz 20 fl oz (591 mL) 0 0 0 0 0 0,50,0 0 0 0
Drive Thru - Diet Coke - 30 fl oz Serving Size30 fl oz (887 mL) 0 0 0 0 0 0,75,0 0 0 0
Drive Thru - Diet Dr. Pepper - 20 fl oz 20 fl oz (591 mL) 0 0 0 0 0 0,75,0 0 0 0
Drive Thru - Diet Dr. Pepper - 30 fl oz 30 fl oz (887 mL) 0 0 0 0 0 0,110,0 0 0 0
Drive Thru - Diet Mountain Dew - 20 fl oz 20 fl oz (591 mL) 0 0 0 0 0 0,60,1 0 0 0
Drive Thru - Diet Mountain Dew - 30 fl oz 30 fl oz (887 mL) 5 0 0 0 0 0,85,1 0 0 0
Drive Thru - Diet Pepsi - 20 fl oz 20 fl oz (591 mL) 0 0 0 0 0 0,60,0 0 0 0
Calories (kcal),,
Drive Thru - Diet Pepsi - 30 fl oz 30 fl oz (887 mL) 0 0 0 0 0 0,90,0 0 0 0
Drive Thru - Dr. Pepper - 20 fl oz 20 fl oz (591 mL) 150 0 0 0 0 0,45,41 0 40 0
Calories from Fat,,
Drive Thru - Dr. Pepper - 30 fl oz 30 fl oz (887 mL) 220(kcal) 0 0 0 0 0,70,61 0 60 0
Drive Thru - Fanta Orange - 20 fl oz 20 fl oz (591 mL) 160 0 0 0 0 0,40,42 0 42 0
Drive Thru - Fanta Orange - 30 fl oz 30 fl oz (887 mL) 230Fat (g) 0 0 0 0 0,65,63 0 63 0
Drive Thru - Lipton Brisk Raspberry Tea - 20 fl oz 20 fl oz (591 mL) 70 0 0 0 0 0,50,19 0 19 0
Drive Thru - Lipton Brisk Raspberry Tea - 30 fl oz 30 fl oz (887 mL) 110 Saturated Fat (g)0 0 0 0 0,75,28 0 28 0
Drive Thru - Mountain Dew - 20 fl oz 20 fl oz (591 mL) 180 0 0 0 0 0,55,46 0 46 0
Drive Thru - Mountain Dew - 30 fl oz 30 fl oz (887 mL) 260 0Trans Fatty Acid 0 0 0 0 0,80,69 0 69
Drive Thru - Mug Root Beer - 20 fl oz 20 fl oz (591 mL) 150 (g)0 0 0 0 0,60,40 0 40 0
"",,Page 7
Cholesterol (mg),,
Sodium (mg),,
Carbohydrates (g),,
Total Dietary Fiber,,
(g),,
Total Sugars (g),,
Protein (g),,
"",,© 2024 Panera Bread.  All Rights Reserved.
Panera Bread® Nutrition Information - US,,
Effective: 1/10/2024Version 1,,
Drive Thru - Mug Root Beer - 30 fl oz 30 fl oz (887 mL) 230 0 0 0 0 0,90,60 0 59 0
Drive Thru - Passion Papaya Naturally Flavored Iced,,
20 fl oz (591 mL) 100 0 0 0 0 0,15,25 0 25 0
Green Tea - 20 fl oz,,
Drive Thru - Passion Papaya Naturally Flavored Iced,,
30 fl oz (887 mL) 140 0 0 0 0 0,20,35 0 35 0
Green Tea - 30 fl oz,,
Drive Thru - Pepsi - 20 fl oz 20 fl oz (591 mL) 160 0 0 0 0 0,35,43 0 43 0
Drive Thru - Pepsi - 30 fl oz 30 fl oz (887 mL) 240 0 0 0 0 0,50,65 0 64 0
Drive Thru - Pepsi Zero - 20 fl oz 20 fl oz (591 mL) 0 0 0 0 0 0,40,0 0 0 0
Drive Thru - Pibb Xtra - 20 fl oz 20 fl oz (591 mL) 150 0 0 0 0 0,55,39 0 39 0
Drive Thru - Pibb Xtra - 30 fl oz 30 fl oz (887 mL) 230 0 0 0 0 0,85,58 0 58 0
Drive Thru - Powerade Mountain Blast - 20 fl oz 20 fl oz (591 mL) 90 0 0 0 0 0,120,23 0 23 0
Drive Thur - Powerade Mountain Blast - 30 Fl oz Serving Size30 fl oz (887 mL) 130 0 0 0 0 0,180,35 0 34 0
Drive Thru - SoBe Life Water Yumberry Pomegranate -,,
20 fl oz (591 mL) 0 0 0 0 0 0,50,0 0 0 0
20 fl oz,,
Drive Thru - SoBe Life Water Yumberry Pomegranate -,,
30 fl oz (887 mL) 0 0 0 0 0 0,75,0 0 0 0
30 fl oz,,
Drive Thru - Sprite - 20 fl oz 20 fl oz (591 mL) 140 0 0 0 0 0,70,38 0 38 0
Calories (kcal),,
Drive Thru - Sprite - 30 fl oz 30 fl oz (887 mL) 210 0 0 0 0 0,105,57 0 57 0
Drive Thru - Starry Lemon Lime - 20 fl oz 20 fl oz (591 mL) 150 0 0 0 0 0,35,41 0 41 0
Calories from Fat,,
Drive Thru - Starry Lemon Lime - 30 fl oz 30 fl oz (887 mL) 230(kcal) 0 0 0 0 0,50,61 0 61 0
Drive Thru - Sweet Iced Tea - 20 fl oz 20 fl oz (591 mL) 80 0 0 0 0 0,10,18 0 18 2
Drive Thru - Sweet Iced Tea - 30 fl oz 30 fl oz (887 mL) 110Fat (g) 0 0 0 0 0,15,25 0 25 2
Drive Thru - Tropicana Fruit Punch - 20 fl oz 20 fl oz (591 mL) 180 0 0 0 0 0,35,47 0 47 0
Drive Thru - Tropicana Fruit Punch - 30 fl oz 30 fl oz (887 mL) 270 Saturated Fat (g)0 0 0 0 0,50,71 0 70 0
Drive Thru - Tropicana Lemonade - 20 fl oz 20 fl oz (591 mL) 160 0 0 0 0 0,160,42 0 41 0
Drive Thru - Tropicana Lemonade - 30 fl oz 30 fl oz (887 mL) 240 0Trans Fatty Acid 0 0 0 0 0,240,62 0 62
Drive Thru - Tropicana Light Lemonade - 20 fl oz 20 fl oz (591 mL) 5 (g)0 0 0 0 0,150,0 0 0 0
"",,Page 8
Cholesterol (mg),,
Sodium (mg),,
Carbohydrates (g),,
Total Dietary Fiber,,
(g),,
Total Sugars (g),,
Protein (g),,
"",,© 2024 Panera Bread.  All Rights Reserved.
Panera Bread® Nutrition Information - US,,
Effective: 1/10/2024Version 1,,
Drive Thru - Tropicana Light Lemonade - 30 fl oz 30 fl oz (887 mL) 10 0 0 0 0 0,220,0 0 0 0
Drive Thru - Unsweetened Iced Tea - 20 fl oz 20 fl oz (591 mL) 10 0 0 0 0 0,10,0 0 0 2
Drive Thru - Unsweetened Iced Tea - 30 fl oz 30 fl oz (887 mL) 10 0 0 0 0 0,15,0 0 0 2
Drive Thru - Wild Cherry Pepsi 20 fl oz 20 fl oz (591 mL) 160 0 0 0 0 0,35,44 0 44 0
Drive Thru - Wild Cherry Pepsi 30 fl oz 30 fl oz (887 mL) 240 0 0 0 0 0,50,66 0 66 0
Drive-Thru - Lime Bubly Sparkling Water - 20 fl oz 20 fl oz (591 mL) 0 0 0 0 0 0,65,0 0 0 0
Drive-Thru - Lime Bubly Sparkling Water - 30 fl oz 30 fl oz (887 mL) 5 0 0 0 0 0,95,0 0 0 0
Earl Greyer Tea - 16 fl oz 16 fl oz (473 mL) 0 0 0 0 0 0,20,0 0 0 0
Espresso 2 fl oz (59 mL) 10 0 0 0 0 0,0,2 0 0 1
Fanta Orange - 20 fl oz Serving Size20 fl oz (591 mL) 250 0 0 0 0 0,65,66 0 66 0
Fanta Orange - 30 fl oz 30 fl oz (887 mL) 370 0 0 0 0 0,100,99 0 99 0
Frozen Caramel Cold Brew - 16 fl oz 16 fl oz (473 mL) 490 150 17 10 0.5 50,230,80 0 58 5
Frozen Chocolate Cold Brew - 16 fl oz 16 fl oz (473 mL) 450 120 13 8 0 45,130,79 2 59 6
Ginger Peach Tea - 16 fl oz 16 fl oz (473 mL) 0 0 0 0 0 0,20,0 0 0 0
Gold Peak Unsweetened Iced Tea - 18.5 fl oz 18.5 fl oz (547 mL) 0 0 0 0 0 0,55,0 0 0 0
Calories (kcal),,
Hazelnut Coffee - Group 1 Container 140 0 0 0 0 0,60,24 0 0 10
Hazelnut Flavored Coffee - 12 fl oz 12 fl oz (355 mL) 15 0 0 0 0 0,5,2 0 0 1
Calories from Fat,,
Hazelnut Flavored Coffee - 16 fl oz 16 fl oz (473 mL) 20(kcal) 0 0 0 0 0,10,3 0 0 1
Hazelnut Flavored Coffee - 20 fl oz 20 fl oz (591 mL) 25 0 0 0 0 0,10,4 0 0 2
Honest Berry Hibiscus Iced Tea - 16.9 fl oz bottle 16.9 fl oz bottle 100Fat (g) 0 0 0 0 0,5,26 0 25 0
Honey Ginseng Green Tea - 16 fl oz 16 fl oz (473 mL) 0 0 0 0 0 0,0,0 0 0 0
Signature Hot Chocolate  - 16 fl oz 16 fl oz (473 mL) 430 Saturated Fat (g)100 11 7 0 35,230,73 3 53 12
Signature Hot Chocolate - 20 fl oz 20 fl oz (591 mL) 550 110 12 8 0 45,300,96 4 69 15
Iced Cafe Blend Dark Roast Coffee - 20 fl oz 20 fl oz (591 mL) 10 1Trans Fatty Acid 0 0 0 0 0,15,2 0 0
(g),,
"",,Page 9
Cholesterol (mg),,
Sodium (mg),,
Carbohydrates (g),,
Total Dietary Fiber,,
(g),,
Total Sugars (g),,
Protein (g),,
"",,© 2024 Panera Bread.  All Rights Reserved.
Panera Bread® Nutrition Information - US,,
Effective: 1/10/2024Version 1,,
Iced Cafe Blend Dark Roast Coffee - 20 fl oz - no ice 20 fl oz (591 mL) 15 0 0 0 0 0,15,3 0 0 1
Iced Cafe Blend Dark Roast Coffee - 30 fl oz 30 fl oz (887 mL) 15 0 0 0 0 0,20,3 0 0 1
Iced Cafe Blend Dark Roast Coffee - 30 fl oz - no ice 30 fl oz (887 mL) 25 0 0 0 0 0,20,5 0 0 2
Iced Cafe Blend Dark Roast Coffee- 16 fl oz 16 fl oz (473 mL) 10 0 0 0 0 0,10,2 0 0 1
Iced Caffe Latte - 20 fl oz 20 fl oz (591 mL) 160 60 6 4 0 25,130,16 0 14 11
Iced Caramel Latte - 20 fl oz 20 fl oz (591 mL) 440 130 15 9 0 50,320,63 0 45 13
Iced Chai Tea Latte - 20 fl oz 20 fl oz (591 mL) 290 60 6 4 0 25,130,49 0 48 10
Iced Chocolate Latte - 20 fl oz 20 fl oz (591 mL 400 100 11 7 0 40,220,62 2 46 14
Iced Cinnamon Crunch Latte - 20 fl oz 20 fl oz (591 mL) 300 90 10 7 0 40,140,40 0 38 12
Iced Madagascar Vanilla Latte - 20 fl oz Serving Size20 fl oz (591 mL) 290 90 10 7 0 40,140,36 0 34 12
Kids Organic Apple juice 6.75 fl oz (200 mL) 100 0 0 0 0 0,10,24 0 23 0
Kids Organic Chocolate Milk 8 fl oz (237 mL) 150 20 2.5 1.5 0 15,180,23 0 22 8
Kids Organic White Milk 8 fl oz  (237 mL) 110 20 2.5 1.5 0 10,130,13 0 12 8
Lime Bubly Sparkling Water - 20 fl oz 20 fl oz (591 mL) 0 0 0 0 0 0,105,0 0 0 0
Lime Bubly Sparkling Water - 30 fl oz 30 fl oz (887 mL) 5 0 0 0 0 0,160,0 0 0 0
Calories (kcal),,
Lipton Brisk Raspberry Tea - 20 fl oz 20 fl oz (591 mL) 120 0 0 0 0 0,80,30 0 30 0
Lipton Brisk Raspberry Tea - 30 fl oz 30 fl oz (887 mL) 170 0 0 0 0 0,120,45 0 45 0
Calories from Fat,,
Madagascar Vanilla Almond Cold Brew Coffee - 16 fl (kcal),,
16 fl oz (473 mL) 90 10 1.5 0 0 0,45,18 0 17 1
oz,,
Madagascar Vanilla Almond Cold Brew Coffee - 20 fl Fat (g),,
20 fl oz (591 mL) 120 15 1.5 0 0 0,60,24 0 22 1
oz,,
Madagascar Vanilla Cream Cold Brew Coffee - 16 fl oz 16 fl oz (473 mL) 190 Saturated Fat (g)100 11 7 0 35,50,22 0 17 3
Trans Fatty Acid,,
Madagascar Vanilla Cream Cold Brew Coffee - 20 fl oz 20 fl oz (591 mL) 260 (g)130 14 9 0 45,60,29 0 22 4
"",,Page 10
Cholesterol (mg),,
Sodium (mg),,
Carbohydrates (g),,
Total Dietary Fiber,,
(g),,
Total Sugars (g),,
Protein (g),,
"",,,© 2024 Panera Bread.  All Rights Reserved.
"",Panera Bread® Nutrition Information - US,,
"",Effective: 1/10/2024Version 1,,
Madagascar Vanilla Latte - 16 fl oz,16 fl oz (473 mL) 260 80 9 6 0 35,115,33 0 31 10
Madagascar Vanilla Latte - 20 fl oz,20 fl oz (591 mL) 310 90 10 7 0 40,140,41 0 40 12
Mango Ceylon Tea - 16 fl oz,16 fl oz (473 mL) 0 0 0 0 0 0,0,0 0 0 0
Mango Yuzu Citrus Naturally Flavored Charged,,,
"",30 fl oz (887 mL) 280 5 0 0 0 0,15,67 0 64 0
Lemonade - 30 fl oz,,,
Mango Yuzu Citrus Naturally Flavored Charged,,,
"",20 fl oz (591 mL) 210 0 0 0 0 0,10,51 0 49 0
Lemonade - 20 fl oz,,,
Mango Yuzu Citrus Naturally Flavored Charged,,,
"",2 Containers 2420 25 2.5 0 0 0,80,587 2 565 3
Lemonade - Serves 10 - Group,,,
Mango Yuzu Citrus Naturally Flavored Charged,,,
"",1 Container 1210 10 1.5 0 0 0,40,294 1 282 2
Lemonade - Serves 5 - Group,,,
Minute Maid Orange Juice - 12 fl oz bottle,Serving Size12 fl oz (355 mL) 220 0 0 0 0 0,30,51 0 45 0
Mountain Dew - 12 fl oz can,1 can  (355 mL) 170 0 0 0 0 0,60,46 0 46 0
Mountain Dew - 20 fl oz,20 fl oz (591 mL) 280 0 0 0 0 0,85,73 0 73 0
Mountain Dew- 20 fl oz bottle,20 fl oz bottle (591 mL) 290 0 0 0 0 0,105,77 0 77 0
Mountain Dew - 30 fl oz,30 fl oz (887 mL) 420 0 0 0 0 0,130,110 0 110 0
Mug Root Beer - 20 fl oz,20 fl oz (591 mL) 240 0 0 0 0 0,95,64 0 63 0
"",Calories (kcal),,
Mug Root Beer - 30 fl oz,30 fl oz (887 mL) 360 0 0 0 0 0,140,96 0 95 0
Orange Ginger Mint Tea - 16 fl oz,16 fl oz (473 mL) 0 0 0 0 0 0,0,0 0 0 0
"",Calories from Fat,,
Passion Papaya Naturally Flavored Iced Green Tea - 20,(kcal),,
"",20 fl oz (591 mL) 150 0 0 0 0 0,15,38 0 38 0
fl oz,,,
Passion Papaya Naturally Flavored Iced Green Tea - 30,Fat (g),,
"",30 fl oz (887 mL) 230 0 0 0 0 0,20,58 0 58 0
fl oz,,,
Passion Papaya Naturally Flavored Iced Green Tea -,Saturated Fat (g),,
"",2 Containers 980 0 0 0.5 0 0,90,246 0 246 0
Serves 10 - Group,,,
Passion Papaya Naturally Flavored Iced Green Tea -,Trans Fatty Acid,,
"",1 Container 490 0 0 0 0 0,45,123 0 123 0
Serves 5 - Group,(g),,
"",,,Page 11
"",Cholesterol (mg),,
"",Sodium (mg),,
"",Carbohydrates (g),,
"",Total Dietary Fiber,,
"",(g),,
"",Total Sugars (g),,
"",Protein (g),,
"",,,© 2024 Panera Bread.  All Rights Reserved.
"",Panera Bread® Nutrition Information - US,,
"",Effective: 1/10/2024Version 1,,
Pepsi - 20 fl oz,20 fl oz (591 mL) 250 0 0 0 0 0,50,69 0 69 0
Pepsi - 20 fl oz bottle,20 fl oz bottle (591 mL) 250 0 0 0 0 0,55,69 0 69 0
Pepsi - 30 fl oz,30 fl oz (887 mL) 380 0 0 0 0 0,80,103 0 103 0
Pepsi 12 fl oz can,12 fl oz can (355 mL) 150 0 0 0 0 0,30,41 0 41 0
Pepsi Zero - 20 fl oz,20 fl oz (591 mL) 0 0 0 0 0 0,65,0 0 0 0
Pepsi Zero - 20 fl oz bottle,20 fl oz bottle (591 mL) 0 0 0 0 0 0,65,0 0 0 0
Pibb Xtra - 20 fl oz,20 fl oz (591 mL) 240 0 0 0 0 0,90,61 0 61 0
Pibb Xtra - 30 fl oz,30 fl oz (887 mL) 370 0 0 0 0 0,135,92 0 92 0
Powerade Mountain Blast - 20 fl oz,20 fl oz (591 mL) 140 0 0 0 0 0,190,37 0 36 0
Powerade Mountain Blast - 30 Fl oz,30 fl oz (887 mL) 210 0 0 0 0 0,280,55 0 55 0
Premium Orange Juice - Serves 10 - Group,2 Containers 1800 0 0 3 0 0,60,408 0 360 33
Premium Orange Juice - Serves 5 - Group,Serving Size2 Containers 900 0 0 1.5 0 0,30,204 0 180 17
Premium OJ 11.5 fl oz,1 Bottle 160 0 0 0 0 0,5,37 0 32 2
SoBe Life Water Yumberry Pomegranate - 20 fl oz,20 fl oz (591 mL) 0 0 0 0 0 0,80,0 0 0 0
SoBe Life Water Yumberry Pomegranate - 30 fl oz,30 fl oz (887 mL) 5 0 0 0 0 0,120,1 0 0 0
"",Calories (kcal),,
Sprite - 20 fl oz,20 fl oz (591 mL) 230 0 0 0 0 0,115,61 0 61 0
Sprite - 30 fl oz,30 fl oz (887 mL) 340 0 0 0 0 0,170,91 0 91 0
"",Calories from Fat,,
Sprite 20 fl oz Bottle,20 fl oz bottle (591 mL) 230(kcal) 0 0 0 0 0,110,64 0 64 0
Sprite Zero - 20 fl oz bottle,20 fl oz (591 mL) 0 0 0 0 0 0,60,1 0 0 0
Starry Lemon Lime - 20 fl oz,20 fl oz (591 mL) 240Fat (g) 0 0 0 0 0,55,65 0 65 0
Starry Lemon Lime - 30 fl oz,30 fl oz (887 mL) 370 0 0 0 0 0,85,97 0 97 0
Starry Lemon Lime 12 fl oz Can,1 Can (355 mL) 150 Saturated Fat (g)0 0 0 0 0,35,39 0 39 0
Starry Lemon Lime 20 fl oz bottle,20 fl oz bottle (591mL) 240 0 0 0 0 0,55,65 0 65 0
Strawberry Lemon Mint Naturally Flavored Charged,Trans Fatty Acid,,
"",20 fl oz (591 mL) 160 0 0 0 0 0,10,38 0 36 0
Lemonade - 20 fl oz,(g),,
"",,,Page 12
"",Cholesterol (mg),,
"",Sodium (mg),,
"",Carbohydrates (g),,
"",Total Dietary Fiber,,
"",(g),,
"",Total Sugars (g),,
"",Protein (g),,
"",,© 2024 Panera Bread.  All Rights Reserved.
Panera Bread® Nutrition Information - US,,
Effective: 1/10/2024Version 1,,
Strawberry Lemon Mint Naturally  Flavored Charged,,
30 fl oz (887 mL) 220 0 0 0 0 0,15,54 0 51 0
Lemonade - 30 fl oz,,
Strawberry Lemon Mint Naturally Flavored Charged,,
2 Containers 1790 15 1.5 0 0 0,75,435 1 409 3
Lemonade - Serves 10 - Group,,
Strawberry Lemon Mint Naturally Flavored Charged,,
1 Container 890 10 1 0 0 0,40,218 1 205 1
Lemonade - Serves 5 - Group,,
Substitute Almond Milk - 8 fl oz 8 fl oz (237 mL) 40 30 3.5 0 0 0,100,2 1 0 1
Substitute Skim Milk - 4 fl oz 4 fl oz (118 mL) 40 0 0 0 0 0,50,6 0 6 4
Substitute Skim Milk - 8 fl oz 8 fl oz (237 mL) 80 0 0 0 0 5,105,12 0 12 8
Sweet Iced Tea - Serves 10 - Group 2 Containers 730 1 0 0 0 0,75,164 0 163 14
Sweet Iced Tea - Serves 5- Group 1 Container 360 0 0 0 0 0,35,82 0 81 7
Sweet Iced Tea 20 fl oz Serving Size20 fl oz (591 mL) 110 0 0 0 0 0,10,27 0 27 1
Sweet Iced Tea 30 fl oz 30 fl oz (887 mL) 150 0 0 0 0 0,10,36 0 36 2
Tropical Hibiscus Tea - Serves 10 - Group 2 Containers 0 0 0 0 0 0,0,0 0 0 0
Tropicana Fruit Punch - 20 fl oz 20 fl oz (591 mL) 280 0 0 0 0 0,55,75 0 75 0
Tropicana Fruit Punch - 30 fl oz 30 fl oz (887 mL) 420 0 0 0 0 0,85,113 0 112 0
Tropicana Lemonade - 20 fl oz 20 fl oz (591 mL) 250 0 0 0 0 0,260,67 0 66 0
Calories (kcal),,
Tropicana Lemonade - 30 fl oz 30 fl oz (887 mL) 380 0 0 0 0 0,390,100 0 99 0
Tropicana Light Lemonade - 20 fl oz 20 fl oz (591 mL) 10 0 0 0 0 0,230,0 0 0 0
Calories from Fat,,
Tropicana Light Lemonade - 30 fl oz 30 fl oz (887 mL) 15(kcal) 0 0 0 0 0,350,0 0 0 0
Unsweetened Iced Tea - 20 fl oz 20 fl oz (591 mL) 10 0 0 0 0 0,10,0 0 0 2
Unsweetened Iced Tea - 30 fl oz 30 fl oz (887 mL) 20Fat (g) 0 0 0 0 0,20,0 0 0 4
Wild Cherry Pepsi 20 fl oz 20 fl oz (591 mL) 260 0 0 0 0 0,55,70 0 70 0
Wild Cherry Pepsi 30 fl oz 30 fl oz (887 mL) 390 Saturated Fat (g)0 0 0 0 0,80,106 0 105 0
ENTRÉE,,
Baja Bowl 1 Bowl 620Trans Fa2tt9y0 Acid 33 6 0 20,1280,69 13 12 17
(g),,
Baja Bowl with Chicken 1 Bowl 680 300 34 6 0.5 60,1480,70 13 12 27
"",,Page 13
Cholesterol (mg),,
Sodium (mg),,
Carbohydrates (g),,
Total Dietary Fiber,,
(g),,
Total Sugars (g),,
Protein (g),,
"",© 2024 Panera Bread.  All Rights Reserved.
Panera Bread® Nutrition Information - US,
Effective: 1/10/2024Version 1,
Broccoli Cheddar Mac & Cheese - Bread Bowl 1 Bread bowl with Broccoli Cheddar Mac 1040 250 28 12 0.5 40,2120 157 7 7 39
Broccoli Cheddar Mac & Cheese - Large 1 Bowl 740 430 48 23 1 85,1930 53 5 10 25
Broccoli Cheddar Mac & Cheese - Small 1 Cup 370 210 24 11 0.5 40,960 26 3 5 12
Broccoli Cheddar Mac & Cheese - Group 1 Container 1480 860 95 45 2 170,3850 106 10 20 50
Cheese Flatbread Pizza 1 flatbread pizza 920 370 41 19 1 100,2100 95 3 8 40
Teriyaki Chicken & Broccoli Bowl 1 Bowl 610 160 17 4 0 150,1630 69 5 27 46
Mac & Cheese - Bread Bowl 1 Bread bowl with mac & cheese 1150 330 36 18 1 85,2310 164 4 9 43
Mac & Cheese - Group 1 Container 1930 1160 128 70 4 335,4590 134 0 29 65
Mac & Cheese - Large About 2 Cups 960 580 64 35 2 165,2300 67 0 15 32
Mac & Cheese- Small About 1 Cup 480 290 32 17 1 85,1150 34 0 7 16
Margherita Flatbread Pizza 1 flatbread pizza 860 320 35 16 1 75,1840 98 4 10 35
Mediterranean Bowl Serving Size1 Bowl 520 250 28 6 0 20,1100 53 8 8 15
Mediterranean Bowl with Chicken 1 Bowl 570 260 29 6 0.5 60,1310 54 8 8 26
Pepperoni Flatbread Pizza 1 flatbread pizza 1060 500 55 24 1 115,2580 95 3 8 43
KIDS,
Kids Deli Turkey on White Whole Grain 1 Sandwich 290 80 9 4.5 0 45,970 30 3 3 21
Kids Grilled Cheese on White Whole Grain 1 Sandwich 230 70 8 4 0 20,620 29 3 3 11
Calories (kcal),
Kids Stonyfield Organic Low Fat Mixed Berry Yogurt,
1 Tube 50 10 1 0.5 0 5,40 8 0 6 2
Squeezers,
Calories from Fat,
Kids Stonyfield Organic Low Fat Strawberry Yogurt (kcal),
1 Tube 50 10 1 0.5 0 5,35 8 0 6 2
Squeezers,
PASTRIES & SWEETS Fat (g),
Pastry - Pastry Ring 1/12 pastry 210 90 9 5 0 35,170 29 1 14 3
Muffin - Blueberry 1 Muffin 510Saturated1 6F0at (g) 18 3.5 0 65,390 79 8 35 7
Scone - Blueberry 1 Scone 460 170 19 12 0.5 25,900 65 2 26 8
Brownie 1 Brownie 470Trans Fa1tt6y0 Acid 18 6 0 115,95 69 4 50 7
(g),
Cookie - Candy 1 Cookie 480 200 22 13 0.5 80,310 68 1 37 4
"",Page 14
Cholesterol (mg),
Sodium (mg),
Carbohydrates (g),
Total Dietary Fiber,
(g),
Total Sugars (g),
Protein (g),
"",,,© 2024 Panera Bread.  All Rights Reserved.
"",Panera Bread® Nutrition Information - US,,
"",Effective: 1/10/2024Version 1,,
Muffie - Chocolate Chip,1 Muffie 340 120 13 4.5 0 35,200,51 3 22 5
Cookie - Chocolate Chipper,1 Cookie 390 170 19 11 0 50,290,52 2 31 4
Pastry - Chocolate Croissant,1 Croissant 410 190 21 13 0.5 45,300,49 2 16 7
Muffin - Cranberry Orange,1 Muffin 530 180 20 3.5 0 50,340,82 4 42 7
Dozen Chocolate Chipper Cookies,1 cookie 390 170 19 11 0 50,290,52 2 31 4
Dozen Mixed Cookies,1 container 4850 1940 216 130 6 685,3200,684 20 397 46
Pastry - Bear Claw,1 Pastry 500 210 23 10 0.5 60,350,65 3 30 10
Cookie - Heart Shaped Shortbread,1 Cookie 440 190 21 13 1 65,200,57 1 32 4
Cookie - Tulip Shaped Shortbread,1 Cookie  440 190 21 13 1 65,210,57 1 32 4
Cookie - Kitchen Sink,1 Cookie 820 400 44 29 1 95,760,99 2 56 8
Cookie - Lemon Drop Flavored,1 Cookie 440 180 20 13 0.5 75,260,60 1 34 5
Mini Bear Claw,Serving Size1 Pastry 160 70 8 3.5 0 20,115,20 1 8 3
Mini Scone -Blueberry,1 mini scone 150 60 6 4 0 10,300,21 1 9 3
Mini - Brownie,1 Mini Brownie 120 40 4.5 1.5 0 30,25,17 1 12 2
Mini Cookie - Candy,1 Mini Cookie 130 50 6 3.5 0 20,75,18 0 10 1
Mini Muffin - Cranberry Orange,1 Mini Muffin 80 30 3 0.5 0 10,55,13 1 7 1
Mini Cookie - Lemon Drop Flavored,1 Mini Cookie 110 45 5 3.5 0 20,65,15 0 9 1
"",Calories (kcal),,
Mini Cookie - Oatmeal Raisin with Berries,1 Cookie 90 30 3 2 0 15,45,14 1 8 1
Mini Scone - Orange,1 mini scone 180 60 7 4.5 0 25,290,26 1 13 3
"",Calories from Fat,,
Mini Pastry Duet,1 Piece 420(kcal) 170 19 11 0.5 65,340,58 1 28 7
Cookie - Oatmeal Raisin with Berries,1 Cookie 350 110 13 7 0 55,170,55 2 33 4
Scone - Orange,1 Scone 550Fat (g) 190 21 13 1 80,860,77 2 39 8
Pastry - Pecan Braid,1 Pastry 450 220 24 8 0 30,180,52 3 25 6
Cookie - Petite Chocolate Chipper,1 Cookie 100 Saturated Fat (g)40 4.5 3 0 10,75,13 0 8 1
Muffin - Pumpkin,1 Muffin 570 220 24 4.5 0 30,430,78 5 40 8
Cookie - Pumpkin Shaped Shortbread,1 Cookie 450 4Trans Fatty Acid 190 21 13 1 65,210,62 1 37
Pastry - Croissant,(g)1 Croissant 270 130 15 11 0 50,240,28 1 4 5
"",,,Page 15
"",Cholesterol (mg),,
"",Sodium (mg),,
"",Carbohydrates (g),,
"",Total Dietary Fiber,,
"",(g),,
"",Total Sugars (g),,
"",Protein (g),,
520,18,0,400,2,7,,,,,
"200410200390250500Serv270550220450200Calo400240Calo480(kcal260520Fat (630310Satu","100200120250130270ng Size150300100210160ies (kcal)320120ies from F240200)410420210ated Fat (g","11221428153017341223183513t2723454723","1.533.573.573.57364.59364.59105","00.500.50.51010100.500.50110.5","4080254560125459545951530140285255513065","3907803807605901180410830410830540108051010203306501070530","13261224132518351733815122510192110","362424362425374884","37242511211021376132452","14295101632142914274818375103216"
"400Tran(g)200","94.5","00","610300","74","137",,,,,
"",,© 2024 Panera Bread.  All Rights Reserved.
Panera Bread® Nutrition Information - US,,
Effective: 1/10/2024Version 1,,
Bacon Avocado Melt on Country Rustic Sourdough -,,
1/2 Sandwich 420 230 25 8 0 40,740,35 3 2 14
Half,,
Bacon Avocado Melt on Country Rustic Sourdough -,,
1 Sandwich 840 460 51 16 1 80,1480,71 7 3 27
Whole,,
Bacon Turkey Bravo on Tomato Basil - Half 1/2 Sandwich 500 190 21 8 0 70,1330,52 2 6 27
Bacon Turkey Bravo on Tomato Basil - Whole 1 Sandwich 1000 370 41 15 0.5 135,2660,104 4 11 54
Black Forest Ham & Gouda Melt on Baguette 1 Sandwich 940 250 28 12 1 100,2990,121 5 6 52
Chicken & Pepperoni Mozzarella Melt on Baguette 1 Sandwich 1110 370 41 20 1 170,3120,115 4 6 69
Chicken Cordon Bleu Melt on Baguette 1 Sandwich 1040 270 30 13 1 165,3510,121 5 6 73
Chicken Green Goddess Caprese Melt on Baguette 1 Sandwich 1070 380 42 13 0 130,2420,118 5 7 56
Serving Size,,
Chipotle Chicken Avocado Melt on Black Pepper,,
1/2 Sandwich 470 220 24 7 0 65,1010,40 4 2 23
Focaccia Round - Half,,
Chipotle Chicken Avocado Melt on Black Pepper,,
1 Sandwich 930 440 48 15 0.5 130,2020,80 7 5 46
Focaccia - Whole,,
Classic Grilled Cheese on Classic White Miche - Half 1/2 Sandwich 440Calories 2(k3c0al) 26 15 1 75,1190,34 1 5 19
Classic Grilled Cheese on Classic White Miche - Whole 1 Sandwich 880Calories 4fr6o0m Fat 51 31 1.5 150,2370,69 2 10 37
(kcal),,
Deli Ham on Country Rustic Sourdough - Half 1/2 Sandwich 280 60 7 1.5 0 25,980,39 2 4 17
Deli Ham on Country Rustic Sourdough - Whole 1 Sandwich 570Fat (g) 130 14 3 0 55,1960,78 5 8 34
Deli Turkey on Country Rustic Sourdough - Half 1/2 Sandwich 280 60 6 1 0 30,840,40 2 4 17
Deli Turkey on Country Rustic Sourdough - Whole 1 Sandwich 560 Saturated Fat (g)110 12 2 0 55,1690,79 5 7 35
Green Goddess Caprese Melt on Baguette 1 Sandwich 970 35Trans Fatty Acid 360 40 13 0 65,1900,118 5 7
Mediterranean Veggie on Tomato Basil - Half 1/2 Sandwich 320 (g)70 7 2 0 10,830,53 4 5 11
"",,Page 17
Cholesterol (mg),,
Sodium (mg),,
Carbohydrates (g),,
Total Dietary Fiber,,
(g),,
Total Sugars (g),,
Protein (g),,
"",© 2024 Panera Bread.  All Rights Reserved.
Panera Bread® Nutrition Information - US,
Effective: 1/10/2024Version 1,
Mediterranean Veggie on Tomato Basil - Whole 1 Sandwich 630 130 14 4 0 15,1650 105 7 11 23
Napa Almond Chicken Salad on Country Rustic,
1/2 Sandwich 320 110 13 2 0 35,490 39 2 6 14
Sourdough - Half,
Napa Almond Chicken Salad on Country Rustic,
1 Sandwich 630 230 25 4.5 0.5 70,970 77 4 12 27
Sourdough - Whole,
Pepperoni Mozzarella Melt on Baguette 1 Sandwich 1000 350 39 20 1 105,2600 115 4 6 48
Roasted Turkey & Avocado BLT on Country Rustic,
1/2 Sandwich 460 230 26 5 0 50,890 36 3 3 22
Sourdough - Half,
Roasted Turkey & Avocado BLT on Country Rustic,
1 Sandwich 920 470 52 10 0.5 100,1780 72 7 5 44
Sourdough - Whole,
Toasted Smokehouse BBQ Chicken on Classic White,
1/2 Sandwich 380 130 14 7 0 65,820 40 2 9 22
Miche - Half Serving Size,
Toasted Smokehouse BBQ Chicken on Classic White,
1 Sandwich 750 260 29 14 0.5 135,1640 80 3 17 45
Miche - Whole,
Smoky Buffalo Chicken Melt on Baguette 1 Sandwich 830 170 19 10 0 110,3010 114 4 4 50
Southwest Chicken Melt on Country Rustic Sourdough -,
1/2 Sandwich 400 180 20 7 0 65,820 33 2 1 22
Half,
Calories (kcal),
Southwest Chicken Melt on Country Rustic Sourdough -,
1 Sandwich 790 360 40 14 1 130,1640 67 3 2 43
Whole,
Calories from Fat,
The Chef's Chicken Sandwich - The Signature Take on (kcal),
1 sandwich 560 260 29 10 0 160,1140 41 2 7 36
Brioche,
Toasted Frontega Chicken on Black Pepper Focaccia - Fat (g),
1/2 Panini 400 160 18 5 0 55,940 39 2 3 22
Half,
Toasted Frontega Chicken on Black Pepper Focaccia - Saturated Fat (g),
1 Panini 800 320 36 10 0 110,1890 78 4 5 43
Whole,
Toasted Steak & White Cheddar on Artisan Ciabatta - Trans Fatty Acid,
1/2 Panini 480 210 24 7 0 65,780 44 2 4 22
Half (g),
"",Page 18
Cholesterol (mg),
Sodium (mg),
Carbohydrates (g),
Total Dietary Fiber,
(g),
Total Sugars (g),
Protein (g),
"",© 2024 Panera Bread.  All Rights Reserved.
Panera Bread® Nutrition Information - US,
Effective: 1/10/2024Version 1,
Toasted Steak & White Cheddar on Artisan Ciabatta -,
1 Panini 950 420 47 15 1 125,1550 87 4 7 44
Whole,
Tuna Salad on Black Pepper Focaccia - Half 1/2 Sandwich 360 150 17 2.5 0 25,830 38 3 2 15
Tuna Salad on Black Pepper Focaccia - Whole 1 Sandwich 720 300 33 5 0 50,1670 76 5 5 29
SIDES,
Side - Apple 1 Apple 80 0 0 0 0 0,0 22 5 16 0
Banana 1 Banana 90 5 0 0 0 0,0 23 3 12 1
Side Portion - French Baguette 2.4 oz (69g / about 3 1/3 inch slice) 180 5 0.5 0 0 0,450 36 1 1 7
Greek Yogurt with Mixed Berries 1 Parfait 250 80 9 4.5 0 25,80 29 2 18 16
Kettle Cooked Potato Chips 1 package 150 80 9 1 0 0,75 17 <1 2
Side - Pickle Spear 1 Spear 5 0 0 0 0 0,240 1 0 0 0
Seasonal Fruit Cup 1 Container 60 Serving Size0 0 0 0 0,15 17 1 12 1
SMOOTHIES,
Green Passion Smoothie - 16 fl oz 16 fl oz (473 mL) 230 10 1.5 0 0 0,45 59 2 50 2
Mango Smoothie with Greek Yogurt - 16 fl oz 16 fl oz (473 mL) 300 45 5 3 0 20,75 51 1 42 13
Peach & Blueberry Smoothie with Almond Milk - 16 fl,
16 fl oz (473 mL) 200 15 2 0 0 0,45 49 3 41 2
oz,
Calories (kcal),
Strawberry Banana Smoothie with Greek Yogurt - 16 fl,
16 fl oz (473 mL) 250 25 2.5 1.5 0 10,40 51 4 36 7
oz,
Calories from Fat,
(kcal),
Strawberry Smoothie with Greek Yogurt - 16 fl oz 16 fl oz ( 473 mL) 260 40 4.5 2.5 0 20,70 43 2 37 12
SOUFFLES Fat (g),
Souffle - Four Cheese 1 Souffle 470 270 30 16 1 185,830 36 1 8 14
Souffle - Spinach & Artichoke 1 Souffle 530Saturated3 2F0at (g) 35 19 1 180,930 37 3 8 18
Souffle - Spinach & Bacon 1 Souffle 550 330 37 19 1 195,970 36 1 8 19
Trans Fatty Acid,
(g),
"",Page 19
Cholesterol (mg),
Sodium (mg),
Carbohydrates (g),
Total Dietary Fiber,
(g),
Total Sugars (g),
Protein (g),
"",,© 2024 Panera Bread.  All Rights Reserved.
"",Panera Bread® Nutrition Information - US,
"",Effective: 1/10/2024Version 1,
SOUPS,,
Bistro French Onion Soup with Black Pepper Croutons -,,
"",1 Container 710 280 31 13 1 75,4650 82 7 37 26
Group,,
Bistro French Onion -  Bread Bowl,1 Bread bowl with soup 860 110 12 4 0 20,2460 153 6 13 34
Bistro French Onion with Black Pepper Croutons -,,
"",1 1/2 Cups 280 110 12 5 0 30,1950 33 3 16 10
Bowl,,
Bistro French Onion with Black Pepper Croutons - Cup,1 Cup 190 70 8 3.5 0 20,1300 22 2 11 7
Broccoli Cheddar -  Bowl,1 1/2 Cups 370 220 24 19 2.5 70,1560 25 1 9 13
Broccoli Cheddar - Cup,1 Cup 230 140 15 12 1.5 45,980 16 1 6 8
Broccoli Cheddar - Bread Bowl,1 Bread bowl with soup 900 180 20 13 1.5 45,2140 146 5 8 35
Broccoli Cheddar Soup - Group,Serving Size1 Container 820 480 53 43 5 150,3430 56 3 20 28
Chicken Tikka Masala Soup - Bowl,1 1/2 cups 360 160 18 10 0 65,1000 37 5 8 16
Chicken Tikka Masala Soup - Bread Bowl,1 Bread bowl with soup 900 140 16 7 0 45,1820 154 8 8 37
Chicken Tikka Masala Soup - Cup,1 cup 230 100 12 6 0 45,650 23 3 5 10
Chicken Tikka Masala Soup - Group,1 container 820 370 41 22 1 155,2300 84 11 19 37
Cream of Chicken & Wild Rice - Bowl,1 1/2 Cups 280 140 16 8 0.5 40,1410 27 3 7 8
"",Calories (kcal),
Cream of Chicken & Wild Rice - Bread Bowl,1 Bread bowl with soup 860 130 15 6 0 30,2100 149 6 7 32
Cream of Chicken & Wild Rice - Cup,1 Cup 190 90 10 5 0 30,940 18 2 5 5
"",Calories from Fat,
Cream of Chicken and Wild Rice - Group,1 Container 650(kcal) 330 36 19 1.5 100,3280 64 6 17 18
Homestyle Chicken Noodle Soup - Bowl,1 bowl 150 25 3 1 0 45,1560 17 0 4 14
Homestyle Chicken Noodle Soup - Bread Bowl,1 bread bowl with soup 770Fat (g) 60 6 1 0 30,2200 142 4 5 36
Homestyle Chicken Noodle Soup - Cup,1 cup 100 15 2 0.5 0 30,1040 11 0 3 10
Homestyle Chicken Noodle Soup - Group,1 container 350 Saturated Fat (g)60 7 2 0.5 105,3640 40 0 10 33
Turkey Chili with Beans - Bowl,1 Bowl 300 90 10 4.5 0 35,690 31 14 8 21
Turkey Chili with Beans - Bread Bowl,1 bread bowl with soup 870Trans Fa1tt0y0 Acid 11 3.5 0 25,1620 151 14 8 41
"",(g),
"",,Page 20
"",Cholesterol (mg),
"",Sodium (mg),
"",Carbohydrates (g),
"",Total Dietary Fiber,
"",(g),
"",Total Sugars (g),
"",Protein (g),
"",,,© 2024 Panera Bread.  All Rights Reserved.
"",Panera Bread® Nutrition Information - US,,
"",Effective: 1/10/2024Version 1,,
Turkey Chili with Beans - Cup,1 Cup 200 60 7 3 0 25,460,20 9 6 14
Turkey Chili - Group,1 Container 700 220 24 11 1 80,1620,72 32 19 49
Ten Vegetable Soup - Bowl,1 1/2 Cups 100 15 2 0 0 0,1090,15 4 6 5
Ten Vegetable Soup - Bread Bowl,1 Bread bowl with soup 730 50 6 0.5 0 0,1890,140 7 6 30
Ten Vegetable Soup - Cup,1 Cup 60 10 1 0 0 0,730,10 3 4 3
Ten Vegetable Soup - Group,1 Container 220 40 4.5 1 0 0,2550,36 9 13 11
Vegetarian Autumn Squash Soup - Bowl,1 1/2 Cups 330 150 16 7 0 50,1210,41 5 33 8
Vegetarian Autumn Squash Soup - Bread Bowl,1 Bread bowl with soup 880 140 15 5 0 35,1960,158 8 24 32
Vegetarian Autumn Squash Soup -  Cup,1 Cup 210 100 11 5 0 35,800,27 3 22 5
Vegetarian Autumn Squash Soup - Group,1 Container 760 340 38 17 0 120,2810,96 11 77 19
Vegetarian Creamy Tomato Soup with Black Pepper,,,
"",1 1/2 Cups 370 210 23 13 0.5 55,1100,35 0 17 6
Croutons - Bowl,Serving Size,,
Vegetarian Creamy Tomato Soup with Black Pepper,,,
"",1 Cup 260 140 16 9 0 35,760,25 0 11 4
Croutons - Cup,,,
Vegetarian Creamy Tomato Soup - Group,1 Container 910 500 56 30 1.5 130,2690,88 1 40 14
Vegetarian Creamy Tomato - Bread Bowl,1 Bread bowl with soup 920 180 20 9 0 35,1920,155 5 13 31
SPREADS,,,
"",Calories (kcal),,
Plain Cream Cheese Spread - 1.75 oz,1 Container 180 150 17 11 0 50,135,4 0 2 2
Plain Cream Cheese Spread - 8 oz,2 Tbsp 110 90 10 7 0 30,85,3 0 1 1
"",Calories from Fat,,
Reduced Fat Chive & Onion Cream Cheese Spread -,(kcal),,
"",1 Container 130 90 10 7 0 35,190,2 0 2 6
1.75 oz,,,
Reduced Fat Chive & Onion Cream Cheese Spread - 8,Fat (g),,
"",2 Tbsp (30g) 80 50 6 4 0 20,115,1 0 1 3
oz,,,
Reduced Fat Honey Walnut Cream Cheese Spread -,Saturated Fat (g),,
"",1 Container 140 90 10 6 0 30,170,8 0 8 3
1.75 oz,,,
Reduced Fat Honey Walnut Cream Cheese Spread - 8,Trans Fatty Acid,,
"",2 Tbsp (30g) 80 50 6 3.5 0 20,105,5 0 5 2
"",(g),,
oz,,,
"",,,Page 21
"",Cholesterol (mg),,
"",Sodium (mg),,
"",Carbohydrates (g),,
"",Total Dietary Fiber,,
"",(g),,
"",Total Sugars (g),,
"",Protein (g),,
"",,,© 2024 Panera Bread.  All Rights Reserved.
"",Panera Bread® Nutrition Information - US,,
"",Effective: 1/10/2024Version 1,,
CATERING,,,
Catering Butter Pat,1 pat 35 35 4 2.5 0 10,35,0 0 0 0
Catering Asian Sesame Chicken Salad - serves 10,2 Containers 2160 1080 120 16 4 400,4160,138 32 40 148
Catering Asian Sesame Chicken Salad - serves 5,1 Container 1080 540 60 8 2 200,2080,69 16 20 74
Catering Asian Sesame - Half,1/2 Salad 150 90 10 1 0 0,180,12 3 3 4
Catering Asian Sesame Salad - serves 10,2 Containers 1600 1000 111 13 2 0,2030,130 32 38 38
Catering Asian Sesame Salad - serves 5,1 Container 800 500 55 6 1 0,1010,65 16 19 19
Catering Asian Sesame Salad  - Whole,1 Salad 300 190 21 2.5 0 0,360,24 6 7 7
Catering Caesar Salad - serves 10,2 Containers 2060 1370 153 35 4 260,3840,110 24 24 53
Catering Caesar Salad - serves 5,1 Container 1030 690 76 18 2 130,1920,55 12 12 26
Catering Caesar with Chicken Salad - serves 10,Serving Size2 Containers 2620 1460 162 39 6 660,5980,118 24 26 163
Catering Caesar with Chicken Salad - serves 5,1 Container 1310 730 81 19 3 330,2990,59 12 13 82
Catering Chipotle Aioli for Breakfast Sandwiches,about 0.5 oz 90 90 10 1.5 0 10,125,1 0 0 0
Catering French Baguette,1 Baguette 1060 35 3.5 1 0 0,2700,217 8 4 40
Catering Fuji Apple - Half,1/2 Salad 220 140 16 3.5 0 10,210,17 3 10 4
"",Calories (kcal),,
Catering Fuji Apple Salad - serves 10,2 Containers 2230 1500 166 35 3 85,2230,162 28 105 37
Catering Fuji Apple Salad - serves 5,1 Container 1120 750 83 18 1.5 45,1110,81 14 52 18
"",Calories from Fat,,
Catering Fuji Apple  - Whole,1 Salad 440(kcal) 290 32 7 0.5 15,410,34 6 21 7
Catering Fuji Apple without pecans - Half,1/2 Salad 170 100 11 3 0 10,210,16 2 10 3
"",Fat (g),,
Catering Fuji Apple Salad without pecans - serves 10,2 Containers 1730 1020 113 30 3 85,2230,153 21 102 30
"",Saturated Fat (g),,
Catering Fuji Apple Salad without pecans - serves 5,1 Container 860 510 56 15 1.5 45,1110,76 11 51 15
Catering Fuji Apple without pecans  - Whole,1 Salad 340Trans Fa1tt9y0 Acid 21 6 0.5 15,410,32 4 20 6
"",(g),,
"",,,Page 22
"",Cholesterol (mg),,
"",Sodium (mg),,
"",Carbohydrates (g),,
"",Total Dietary Fiber,,
"",(g),,
"",Total Sugars (g),,
"",Protein (g),,
"",© 2024 Panera Bread.  All Rights Reserved.
Panera Bread® Nutrition Information - US,
Effective: 1/10/2024Version 1,
Catering Fuji Apple with Chicken Salad - serves 10 2 Containers 2800 1580 176 38 4.5 485,4360 170 28 106 147
Catering Fuji Apple with Chicken Salad - serves 5 1 Container 1400 790 88 19 2.5 245,2180 85 14 53 74
Catering Fuji Apple with Chicken Salad without pecans -,
2 Containers 2290 1100 122 33 4.5 485,4360 161 21 103 141
serves 10,
Catering Fuji Apple with Chicken Salad without pecans -,
1 Container 1140 550 61 17 2.5 245,2180 80 11 52 70
serves 5,
Catering Fruit Salad - serves 10 2 Containers 790 20 2.5 0.5 0 0,160 203 14 150 11
Catering Fruit Salad - serves 5 1 Container 390 10 1 0 0 0,80 101 7 75 5
Catering Garlic Aioli for Breakfast Sandwiches about 0.5 oz 110 110 12 2 0 10,65 0 0 0 0
Catering Greek Salad - serves 10 Serving Size2 Containers 2250 1810 201 46 3 150,5910 84 28 37 41
Catering Greek Salad - serve 5 1 Container 1130 900 100 23 1.5 75,2960 42 14 18 20
Catering Green Goddess Cobb Salad with Chicken -,
1 Container 1250 640 71 16 1.5 715,2650 66 19 34 96
serves 5,
Catering Green Goddess Cobb Salad with Chicken -,
1 Container 2510 1270 142 32 3 1425,5310 131 37 67 191
serves 10,
Calories (kcal),
Catering Pastry Ring 1 Pastry Ring 2550 1030 114 65 4 400,2020 346 9 171 41
Catering Seasonal Greens Salad - serves 10 2 Containers 1640 1350 150 21 1.5 0,1860 63 18 28 14
Calories from Fat,
Catering Seasonal Greens Salad - serves 5 1 Container 820(kcal) 680 75 11 0.5 0,930 31 9 14 7
Catering Seasonal Greens Salad with Chicken - serves,
2 Containers 2200 1440 160 24 3 400,3990 71 18 30 125
10 Fat (g),
Catering Seasonal Greens Salad with Chicken- serves 5 1 Container 1100 720 80 12 1.5 200,2000 36 9 15 62
Saturated Fat (g),
Catering Southwest Caesar Salad - serves 10 2 containers 2760 2140 238 49 4.5 300,3500 103 43 26 54
Catering Southwest Caesar Salad - serves 5 1 container 1380 27Trans Fatty Acid 1070 119 24 2 150,1750 52 22 13
(g),
"",Page 23
Cholesterol (mg),
Sodium (mg),
Carbohydrates (g),
Total Dietary Fiber,
(g),
Total Sugars (g),
Protein (g),
"",© 2024 Panera Bread.  All Rights Reserved.
Panera Bread® Nutrition Information - US,
Effective: 1/10/2024Version 1,
Catering Southwest Caesar with Chicken Salad - serves,
2 containers 3320 2230 247 52 6 700,5630 112 43 27 164
10,
Catering Southwest Caesar with Chicken Salad - serves,
1 container 1660 1110 124 26 3 350,2820 56 22 14 82
5,
Signature Hot Chocolate - Group 1 Container 5340 2090 232 147 6 745,2060 755 33 483 81
Seasonal Greens - Half 1/2 Salad 140 110 13 2 0 0,150 6 2 3 1
Seasonal Greens - Whole 1 Salad 280 230 25 3.5 0 0,310 12 3 5 3
Seasonal Greens with Chicken- Half 1/2 Salad 190 120 13 2 0 40,360 7 2 3 12
Seasonal Greens with Chicken - Whole 1 Salad 390 240 27 4 0.5 80,720 13 3 6 24
Sierra Turkey Sandwich on Asiago Cheese Focaccia -,
1/2 Sandwich 400 150 17 4 0 40,940 42 2 2 20
Half,
Sierra Turkey Sandwich on Asiago Cheese Focaccia - Serving Size,
1 Sandwich 790 300 33 8 0 80,1890 84 3 4 40
Whole,
Steak & Garlic Aioli on Country Rustic Sourdough - Half 1/2 Sandwich 360 150 17 3.5 0 45,560 37 2 4 16
Steak & Garlic Aioli on Country Rustic Sourdough -,
1 Sandwich 720 300 33 7 0 85,1110 73 4 7 32
Whole,
Calories (kcal),
NON-TRADITIONAL GRAB N GO,
Chicken Caesar Wrap 1 Wrap 460 190 21 4.5 0.5 65,920 38 14 6 31
Calories from Fat,
Deli Turkey Wrap 1 Wrap 340(kcal) 80 9 1.5 0 25,880 40 13 6 28
Grape Cup 1 Container 120 0 0 0 0 0,0 31 2 26 1
Green Goddess Chicken Wrap 1 Wrap 430Fat (g) 150 16 3 0 50,890 44 14 9 31
Hard Boiled Eggs 1 Container 150 100 11 3.5 0 375,125 1 0 1 13
Frontega Chicken Wrap 1 Wrap 420 Saturated Fat (g)160 18 5 0 50,840 38 12 5 31
Large Fruit cup 1 Container 130 5 0 0 0 0,30 33 2 24 2
PARADISE  Trans Fatty Acid,
(g),
Black and White Chipper 1 Chipper 60 25 3 1.5 0 5,40 9 0 6 1
"",Page 24
Cholesterol (mg),
Sodium (mg),
Carbohydrates (g),
Total Dietary Fiber,
(g),
Total Sugars (g),
Protein (g),
"",,,© 2024 Panera Bread.  All Rights Reserved.
"",Panera Bread® Nutrition Information - US,,
"",Effective: 1/10/2024Version 1,,
Chocolate Chip Cookie,1 Cookie 280 120 13 6 0 15,170,40 2 27 3
Ginger Molasses Cookie,1 Cookie 270 90 10 5 0 15,230,42 1 23 3
Oatmeal Chocolate Chip Chipper,1 Chipper 60 25 3 1.5 0 5,45,9 0 5 1
Oatmeal Raisin Cookie,1 Cookie 270 90 11 4.5 0 10,230,41 2 23 3
Snickerdoodle Cookie,1 Cookie 340 190 21 10 0 10,105,37 1 18 2
Sugar Cookie,1 Cookie 340 190 21 10 0 10,105,37 1 18 2
Zucchini Nut Muffin,1 Muffin 620 320 37 5 0 70,350,65 3 37 9
Chicken Walnut Salad on Molasses Bread - Half,1/2 Sandwich 280 120 13 2 0 30,430,28 2 7 13
Chicken Walnut Salad on Molasses Bread - Whole,1 Sandwich 550 240 26 4 0 60,870,55 4 14 26
Chipper Box Pack of 15,1 Box 760 310 35 16 0 45,500,107 6 68 10
"",Serving Size,,
6 Pack Oatmeal Chocolate & Black and White Chippers,1 Box 310 130 14 7 0 20,200,43 2 27 4
Dark Wheat Molasses Bread,2 oz (57g / about 2/3 inch slice) 150 5 0 0 0 0,230,32 2 8 5
Paradise Dozen Cookie Box,1 Box 3510 1540 173 78 1.5 145,2020,475 16 281 34
"",Calories (kcal),,
"",Calories from Fat,,
"",(kcal),,
"",Fat (g),,
"",Saturated Fat (g),,
"",Trans Fatty Acid,,
"",(g),,
"",,,Page 25
"",Cholesterol (mg),,
"",Sodium (mg),,
"",Carbohydrates (g),,
"",Total Dietary Fiber,,
"",(g),,
"",Total Sugars (g),,
"",Protein (g),,
